sample_id;unit_no;unique_id;analysis_id
23359524;DT0380;18;ICP
23359524;DT0380;43;DEP
23359524;DT0380;42;F
23359524;DT0380;38;Visc
23359524;DT0380;29;Wat
23359524;DT0380;25;PQ
23359524;DT0380;15;FTIR
23373723;DT0379;18;ICP
23373723;DT0379;43;DEP
23373723;DT0379;26;ISO
23373723;DT0379;24;PCT
23373723;DT0379;38;Visc
23373723;DT0379;29;Wat
23373723;DT0379;25;PQ
23373723;DT0379;15;FTIR
23371822;DT0379;18;ICP
23371822;DT0379;43;DEP
23371822;DT0379;26;ISO
23371822;DT0379;24;PCT
23371822;DT0379;38;Visc
23371822;DT0379;29;Wat
23371822;DT0379;25;PQ
23371822;DT0379;15;FTIR
23371807;DT0379;18;ICP
23371807;DT0379;43;DEP
23371807;DT0379;26;ISO
23371807;DT0379;24;PCT
23371807;DT0379;38;Visc
23371807;DT0379;29;Wat
23371807;DT0379;25;PQ
23371807;DT0379;15;FTIR
23373717;DT0379;18;ICP
23373717;DT0379;43;DEP
23373717;DT0379;26;ISO
23373717;DT0379;24;PCT
23373717;DT0379;38;Visc
23373717;DT0379;29;Wat
23373717;DT0379;25;PQ
23373717;DT0379;15;FTIR
23371806;DT0379;18;ICP
23371806;DT0379;43;DEP
23371806;DT0379;26;ISO
23371806;DT0379;24;PCT
23371806;DT0379;38;Visc
23371806;DT0379;29;Wat
23371806;DT0379;25;PQ
23371806;DT0379;15;FTIR
23371821;DT0379;18;ICP
23371821;DT0379;43;DEP
23371821;DT0379;26;ISO
23371821;DT0379;24;PCT
23371821;DT0379;38;Visc
23371821;DT0379;29;Wat
23371821;DT0379;25;PQ
23371821;DT0379;15;FTIR
23372214;DT0379;18;ICP
23372214;DT0379;43;DEP
23372214;DT0379;42;F
23372214;DT0379;38;Visc
23372214;DT0379;29;Wat
23372214;DT0379;25;PQ
23372214;DT0379;15;FTIR
23372223;DT0379;18;ICP
23372223;DT0379;43;DEP
23372223;DT0379;42;F
23372223;DT0379;38;Visc
23372223;DT0379;29;Wat
23372223;DT0379;25;PQ
23372223;DT0379;15;FTIR
23372222;DT0381;18;ICP
23372222;DT0381;43;DEP
23372222;DT0381;42;F
23372222;DT0381;38;Visc
23372222;DT0381;29;Wat
23372222;DT0381;25;PQ
23372222;DT0381;15;FTIR
23384719;DT0579;18;ICP
23384719;DT0579;43;DEP
23384719;DT0579;26;ISO
23384719;DT0579;24;PCT
23384719;DT0579;38;Visc
23384719;DT0579;29;Wat
23384719;DT0579;25;PQ
23384719;DT0579;15;FTIR
23384720;DT0579;18;ICP
23384720;DT0579;43;DEP
23384720;DT0579;26;ISO
23384720;DT0579;24;PCT
23384720;DT0579;38;Visc
23384720;DT0579;29;Wat
23384720;DT0579;25;PQ
23384720;DT0579;15;FTIR
23384505;DT0579;18;ICP
23384505;DT0579;43;DEP
23384505;DT0579;26;ISO
23384505;DT0579;24;PCT
23384505;DT0579;38;Visc
23384505;DT0579;29;Wat
23384505;DT0579;25;PQ
23384505;DT0579;15;FTIR
23384512;DT0579;18;ICP
23384512;DT0579;43;DEP
23384512;DT0579;26;ISO
23384512;DT0579;24;PCT
23384512;DT0579;38;Visc
23384512;DT0579;29;Wat
23384512;DT0579;25;PQ
23384512;DT0579;15;FTIR
23372224;DT0579;18;ICP
23372224;DT0579;43;DEP
23372224;DT0579;42;F
23372224;DT0579;38;Visc
23372224;DT0579;29;Wat
23372224;DT0579;25;PQ
23372224;DT0579;15;FTIR
23372218;EX0236;18;ICP
23372218;EX0236;43;DEP
23372218;EX0236;42;F
23372218;EX0236;38;Visc
23372218;EX0236;29;Wat
23372218;EX0236;25;PQ
23372218;EX0236;15;FTIR
23372216;EX0236;18;ICP
23372216;EX0236;43;DEP
23372216;EX0236;42;F
23372216;EX0236;38;Visc
23372216;EX0236;29;Wat
23372216;EX0236;25;PQ
23372216;EX0236;15;FTIR
23372221;EX0236;18;ICP
23372221;EX0236;43;DEP
23372221;EX0236;42;F
23372221;EX0236;38;Visc
23372221;EX0236;29;Wat
23372221;EX0236;25;PQ
23372221;EX0236;15;FTIR
23372215;EX0236;18;ICP
23372215;EX0236;43;DEP
23372215;EX0236;42;F
23372215;EX0236;38;Visc
23372215;EX0236;29;Wat
23372215;EX0236;25;PQ
23372215;EX0236;15;FTIR
23361032;EX0237;18;ICP
23361032;EX0237;43;DEP
23361032;EX0237;26;ISO
23361032;EX0237;24;PCT
23361032;EX0237;38;Visc
23361032;EX0237;29;Wat
23361032;EX0237;25;PQ
23361032;EX0237;15;FTIR
23361029;EX0237;18;ICP
23361029;EX0237;43;DEP
23361029;EX0237;26;ISO
23361029;EX0237;24;PCT
23361029;EX0237;38;Visc
23361029;EX0237;29;Wat
23361029;EX0237;25;PQ
23361029;EX0237;15;FTIR
23361024;EX0237;18;ICP
23361024;EX0237;43;DEP
23361024;EX0237;26;ISO
23361024;EX0237;24;PCT
23361024;EX0237;38;Visc
23361024;EX0237;29;Wat
23361024;EX0237;25;PQ
23361024;EX0237;15;FTIR
23359401;EX0237;18;ICP
23359401;EX0237;43;DEP
23359401;EX0237;26;ISO
23359401;EX0237;24;PCT
23359401;EX0237;38;Visc
23359401;EX0237;29;Wat
23359401;EX0237;25;PQ
23359401;EX0237;15;FTIR
23361033;EX0237;18;ICP
23361033;EX0237;43;DEP
23361033;EX0237;26;ISO
23361033;EX0237;24;PCT
23361033;EX0237;38;Visc
23361033;EX0237;29;Wat
23361033;EX0237;25;PQ
23361033;EX0237;15;FTIR
23361031;EX0237;18;ICP
23361031;EX0237;43;DEP
23361031;EX0237;26;ISO
23361031;EX0237;24;PCT
23361031;EX0237;38;Visc
23361031;EX0237;29;Wat
23361031;EX0237;25;PQ
23361031;EX0237;15;FTIR
23361028;EX0237;18;ICP
23361028;EX0237;43;DEP
23361028;EX0237;26;ISO
23361028;EX0237;24;PCT
23361028;EX0237;38;Visc
23361028;EX0237;29;Wat
23361028;EX0237;25;PQ
23361028;EX0237;15;FTIR
23361025;EX0237;18;ICP
23361025;EX0237;43;DEP
23361025;EX0237;26;ISO
23361025;EX0237;24;PCT
23361025;EX0237;38;Visc
23361025;EX0237;29;Wat
23361025;EX0237;25;PQ
23361025;EX0237;15;FTIR
23361027;EX0237;18;ICP
23361027;EX0237;43;DEP
23361027;EX0237;26;ISO
23361027;EX0237;24;PCT
23361027;EX0237;38;Visc
23361027;EX0237;29;Wat
23361027;EX0237;25;PQ
23361027;EX0237;15;FTIR
23361030;EX0237;18;ICP
23361030;EX0237;43;DEP
23361030;EX0237;26;ISO
23361030;EX0237;24;PCT
23361030;EX0237;38;Visc
23361030;EX0237;29;Wat
23361030;EX0237;25;PQ
23361030;EX0237;15;FTIR
23361026;EX0237;18;ICP
23361026;EX0237;43;DEP
23361026;EX0237;26;ISO
23361026;EX0237;24;PCT
23361026;EX0237;38;Visc
23361026;EX0237;29;Wat
23361026;EX0237;25;PQ
23361026;EX0237;15;FTIR
23360338;EX0237;18;ICP
23360338;EX0237;41;IC
23360338;EX0237;8;Cond
23360338;EX0237;17;Gly
23360338;EX0237;23;Odr
23360338;EX0237;28;pH
23360338;EX0237;30;PPT
23360338;EX0237;32;Sol
23360338;EX0237;37;TH
23360336;EX0237;18;ICP
23360336;EX0237;41;IC
23360336;EX0237;8;Cond
23360336;EX0237;17;Gly
23360336;EX0237;23;Odr
23360336;EX0237;28;pH
23360336;EX0237;30;PPT
23360336;EX0237;32;Sol
23360336;EX0237;37;TH
23359519;EX0237;18;ICP
23359519;EX0237;43;DEP
23359519;EX0237;42;F
23359519;EX0237;38;Visc
23359519;EX0237;29;Wat
23359519;EX0237;25;PQ
23359519;EX0237;15;FTIR
23359520;EX0237;18;ICP
23359520;EX0237;43;DEP
23359520;EX0237;42;F
23359520;EX0237;38;Visc
23359520;EX0237;29;Wat
23359520;EX0237;25;PQ
23359520;EX0237;15;FTIR
23359526;EX0237;18;ICP
23359526;EX0237;43;DEP
23359526;EX0237;42;F
23359526;EX0237;38;Visc
23359526;EX0237;29;Wat
23359526;EX0237;25;PQ
23359526;EX0237;15;FTIR
23359525;EX0237;18;ICP
23359525;EX0237;43;DEP
23359525;EX0237;42;F
23359525;EX0237;38;Visc
23359525;EX0237;29;Wat
23359525;EX0237;25;PQ
23359525;EX0237;15;FTIR
23359529;DT0563;18;ICP
23359529;DT0563;43;DEP
23359529;DT0563;42;F
23359529;DT0563;38;Visc
23359529;DT0563;29;Wat
23359529;DT0563;25;PQ
23359529;DT0563;15;FTIR
23384504;DT0700;18;ICP
23384504;DT0700;43;DEP
23384504;DT0700;26;ISO
23384504;DT0700;24;PCT
23384504;DT0700;38;Visc
23384504;DT0700;29;Wat
23384504;DT0700;25;PQ
23384504;DT0700;15;FTIR
23384925;DT0700;18;ICP
23384925;DT0700;43;DEP
23384925;DT0700;42;F
23384925;DT0700;38;Visc
23384925;DT0700;29;Wat
23384925;DT0700;25;PQ
23384925;DT0700;15;FTIR
23384722;DT0700;18;ICP
23384722;DT0700;43;DEP
23384722;DT0700;26;ISO
23384722;DT0700;24;PCT
23384722;DT0700;38;Visc
23384722;DT0700;29;Wat
23384722;DT0700;25;PQ
23384721;DT0700;18;ICP
23384721;DT0700;43;DEP
23384721;DT0700;26;ISO
23384721;DT0700;24;PCT
23384721;DT0700;38;Visc
23384721;DT0700;29;Wat
23384721;DT0700;25;PQ
23372220;DT0701;18;ICP
23372220;DT0701;43;DEP
23372220;DT0701;42;F
23372220;DT0701;38;Visc
23372220;DT0701;29;Wat
23372220;DT0701;25;PQ
23372220;DT0701;15;FTIR
23384718;DT0701;18;ICP
23384718;DT0701;43;DEP
23384718;DT0701;26;ISO
23384718;DT0701;24;PCT
23384718;DT0701;38;Visc
23384718;DT0701;29;Wat
23384718;DT0701;25;PQ
23371808;DT0702;18;ICP
23371808;DT0702;43;DEP
23371808;DT0702;26;ISO
23371808;DT0702;24;PCT
23371808;DT0702;38;Visc
23371808;DT0702;29;Wat
23371808;DT0702;25;PQ
23371808;DT0702;15;FTIR
23384510;DT0702;18;ICP
23384510;DT0702;43;DEP
23384510;DT0702;26;ISO
23384510;DT0702;24;PCT
23384510;DT0702;38;Visc
23384510;DT0702;29;Wat
23384510;DT0702;25;PQ
23384510;DT0702;15;FTIR
23371826;DT0702;18;ICP
23371826;DT0702;43;DEP
23371826;DT0702;26;ISO
23371826;DT0702;24;PCT
23371826;DT0702;38;Visc
23371826;DT0702;29;Wat
23371826;DT0702;25;PQ
23371825;DT0702;18;ICP
23371825;DT0702;43;DEP
23371825;DT0702;26;ISO
23371825;DT0702;24;PCT
23371825;DT0702;38;Visc
23371825;DT0702;29;Wat
23371825;DT0702;25;PQ
23358925;WT0067;18;ICP
23358925;WT0067;43;DEP
23358925;WT0067;26;ISO
23358925;WT0067;24;PCT
23358925;WT0067;38;Visc
23358925;WT0067;29;Wat
23358925;WT0067;25;PQ
23358925;WT0067;15;FTIR
23361023;WT0067;18;ICP
23361023;WT0067;43;DEP
23361023;WT0067;26;ISO
23361023;WT0067;24;PCT
23361023;WT0067;38;Visc
23361023;WT0067;29;Wat
23361023;WT0067;25;PQ
23361023;WT0067;15;FTIR
23361004;WT0067;18;ICP
23361004;WT0067;43;DEP
23361004;WT0067;26;ISO
23361004;WT0067;24;PCT
23361004;WT0067;38;Visc
23361004;WT0067;29;Wat
23361004;WT0067;25;PQ
23361004;WT0067;15;FTIR
23359532;WT0067;18;ICP
23359532;WT0067;43;DEP
23359532;WT0067;42;F
23359532;WT0067;38;Visc
23359532;WT0067;29;Wat
23359532;WT0067;25;PQ
23359532;WT0067;15;FTIR
23358911;WT0067;18;ICP
23358911;WT0067;43;DEP
23358911;WT0067;26;ISO
23358911;WT0067;24;PCT
23358911;WT0067;38;Visc
23358911;WT0067;29;Wat
23358911;WT0067;25;PQ
23358911;WT0067;15;FTIR
23361001;WT0067;18;ICP
23361001;WT0067;43;DEP
23361001;WT0067;26;ISO
23361001;WT0067;24;PCT
23361001;WT0067;38;Visc
23361001;WT0067;29;Wat
23361001;WT0067;25;PQ
23361001;WT0067;15;FTIR
23358926;WT0067;18;ICP
23358926;WT0067;43;DEP
23358926;WT0067;26;ISO
23358926;WT0067;24;PCT
23358926;WT0067;38;Visc
23358926;WT0067;29;Wat
23358926;WT0067;25;PQ
23358926;WT0067;15;FTIR
23360329;WT0067;18;ICP
23360329;WT0067;41;IC
23360329;WT0067;8;Cond
23360329;WT0067;17;Gly
23360329;WT0067;23;Odr
23360329;WT0067;28;pH
23360329;WT0067;30;PPT
23360329;WT0067;32;Sol
23360329;WT0067;37;TH
23360702;IT0217;18;ICP
23360702;IT0217;43;DEP
23360702;IT0217;42;F
23360702;IT0217;38;Visc
23360702;IT0217;29;Wat
23360702;IT0217;25;PQ
23360702;IT0217;15;FTIR
23361006;DT0714;18;ICP
23361006;DT0714;43;DEP
23361006;DT0714;26;ISO
23361006;DT0714;24;PCT
23361006;DT0714;38;Visc
23361006;DT0714;29;Wat
23361006;DT0714;25;PQ
23361006;DT0714;15;FTIR
23360701;DT0714;18;ICP
23360701;DT0714;43;DEP
23360701;DT0714;42;F
23360701;DT0714;38;Visc
23360701;DT0714;29;Wat
23360701;DT0714;25;PQ
23360701;DT0714;15;FTIR
23359418;DT0714;18;ICP
23359418;DT0714;43;DEP
23359418;DT0714;26;ISO
23359418;DT0714;24;PCT
23359418;DT0714;38;Visc
23359418;DT0714;29;Wat
23359418;DT0714;25;PQ
23359417;DT0714;18;ICP
23359417;DT0714;43;DEP
23359417;DT0714;26;ISO
23359417;DT0714;24;PCT
23359417;DT0714;38;Visc
23359417;DT0714;29;Wat
23359417;DT0714;25;PQ
23371810;DT0713;18;ICP
23371810;DT0713;43;DEP
23371810;DT0713;26;ISO
23371810;DT0713;24;PCT
23371810;DT0713;38;Visc
23371810;DT0713;29;Wat
23371810;DT0713;25;PQ
23371810;DT0713;15;FTIR
23359531;DT0713;18;ICP
23359531;DT0713;43;DEP
23359531;DT0713;42;F
23359531;DT0713;38;Visc
23359531;DT0713;29;Wat
23359531;DT0713;25;PQ
23359531;DT0713;15;FTIR
23372225;DT0713;18;ICP
23372225;DT0713;43;DEP
23372225;DT0713;42;F
23372225;DT0713;38;Visc
23372225;DT0713;29;Wat
23372225;DT0713;25;PQ
23372225;DT0713;15;FTIR
23371824;DT0713;18;ICP
23371824;DT0713;43;DEP
23371824;DT0713;26;ISO
23371824;DT0713;24;PCT
23371824;DT0713;38;Visc
23371824;DT0713;29;Wat
23371824;DT0713;25;PQ
23371823;DT0713;18;ICP
23371823;DT0713;43;DEP
23371823;DT0713;26;ISO
23371823;DT0713;24;PCT
23371823;DT0713;38;Visc
23371823;DT0713;29;Wat
23371823;DT0713;25;PQ
23359528;DT0571;18;ICP
23359528;DT0571;43;DEP
23359528;DT0571;42;F
23359528;DT0571;38;Visc
23359528;DT0571;29;Wat
23359528;DT0571;25;PQ
23359528;DT0571;15;FTIR
23384736;EX0798;18;ICP
23384736;EX0798;43;DEP
23384736;EX0798;26;ISO
23384736;EX0798;24;PCT
23384736;EX0798;38;Visc
23384736;EX0798;29;Wat
23384736;EX0798;25;PQ
23384736;EX0798;15;FTIR
23384734;EX0798;18;ICP
23384734;EX0798;43;DEP
23384734;EX0798;26;ISO
23384734;EX0798;24;PCT
23384734;EX0798;38;Visc
23384734;EX0798;29;Wat
23384734;EX0798;25;PQ
23384734;EX0798;15;FTIR
23384729;EX0798;18;ICP
23384729;EX0798;43;DEP
23384729;EX0798;26;ISO
23384729;EX0798;24;PCT
23384729;EX0798;38;Visc
23384729;EX0798;29;Wat
23384729;EX0798;25;PQ
23384729;EX0798;15;FTIR
23384509;EX0798;18;ICP
23384509;EX0798;43;DEP
23384509;EX0798;26;ISO
23384509;EX0798;24;PCT
23384509;EX0798;38;Visc
23384509;EX0798;29;Wat
23384509;EX0798;25;PQ
23384509;EX0798;15;FTIR
23384738;EX0798;18;ICP
23384738;EX0798;43;DEP
23384738;EX0798;26;ISO
23384738;EX0798;24;PCT
23384738;EX0798;38;Visc
23384738;EX0798;29;Wat
23384738;EX0798;25;PQ
23384738;EX0798;15;FTIR
23384733;EX0798;18;ICP
23384733;EX0798;43;DEP
23384733;EX0798;26;ISO
23384733;EX0798;24;PCT
23384733;EX0798;38;Visc
23384733;EX0798;29;Wat
23384733;EX0798;25;PQ
23384733;EX0798;15;FTIR
23384735;EX0798;18;ICP
23384735;EX0798;43;DEP
23384735;EX0798;26;ISO
23384735;EX0798;24;PCT
23384735;EX0798;38;Visc
23384735;EX0798;29;Wat
23384735;EX0798;25;PQ
23384735;EX0798;15;FTIR
23384730;EX0798;18;ICP
23384730;EX0798;43;DEP
23384730;EX0798;26;ISO
23384730;EX0798;24;PCT
23384730;EX0798;38;Visc
23384730;EX0798;29;Wat
23384730;EX0798;25;PQ
23384730;EX0798;15;FTIR
23384732;EX0798;18;ICP
23384732;EX0798;43;DEP
23384732;EX0798;26;ISO
23384732;EX0798;24;PCT
23384732;EX0798;38;Visc
23384732;EX0798;29;Wat
23384732;EX0798;25;PQ
23384732;EX0798;15;FTIR
23384737;EX0798;18;ICP
23384737;EX0798;43;DEP
23384737;EX0798;26;ISO
23384737;EX0798;24;PCT
23384737;EX0798;38;Visc
23384737;EX0798;29;Wat
23384737;EX0798;25;PQ
23384737;EX0798;15;FTIR
23384731;EX0798;18;ICP
23384731;EX0798;43;DEP
23384731;EX0798;26;ISO
23384731;EX0798;24;PCT
23384731;EX0798;38;Visc
23384731;EX0798;29;Wat
23384731;EX0798;25;PQ
23384731;EX0798;15;FTIR
23384739;EX0798;18;ICP
23384739;EX0798;43;DEP
23384739;EX0798;26;ISO
23384739;EX0798;24;PCT
23384739;EX0798;38;Visc
23384739;EX0798;29;Wat
23384739;EX0798;25;PQ
23384739;EX0798;15;FTIR
23384740;EX0798;18;ICP
23384740;EX0798;43;DEP
23384740;EX0798;26;ISO
23384740;EX0798;24;PCT
23384740;EX0798;38;Visc
23384740;EX0798;29;Wat
23384740;EX0798;25;PQ
23384740;EX0798;15;FTIR
23384931;EX0798;18;ICP
23384931;EX0798;43;DEP
23384931;EX0798;42;F
23384931;EX0798;38;Visc
23384931;EX0798;29;Wat
23384931;EX0798;25;PQ
23384931;EX0798;15;FTIR
23359530;DZ0394;18;ICP
23359530;DZ0394;43;DEP
23359530;DZ0394;42;F
23359530;DZ0394;38;Visc
23359530;DZ0394;29;Wat
23359530;DZ0394;25;PQ
23359530;DZ0394;15;FTIR
23372217;DZ0780;18;ICP
23372217;DZ0780;43;DEP
23372217;DZ0780;42;F
23372217;DZ0780;38;Visc
23372217;DZ0780;29;Wat
23372217;DZ0780;25;PQ
23372217;DZ0780;15;FTIR
23371809;DZ0781;18;ICP
23371809;DZ0781;43;DEP
23371809;DZ0781;26;ISO
23371809;DZ0781;24;PCT
23371809;DZ0781;38;Visc
23371809;DZ0781;29;Wat
23371809;DZ0781;25;PQ
23371809;DZ0781;15;FTIR
23372119;DZ0781;18;ICP
23372119;DZ0781;43;DEP
23372119;DZ0781;26;ISO
23372119;DZ0781;24;PCT
23372119;DZ0781;38;Visc
23372119;DZ0781;29;Wat
23372119;DZ0781;25;PQ
23372119;DZ0781;15;FTIR
23371814;DZ0781;18;ICP
23371814;DZ0781;43;DEP
23371814;DZ0781;26;ISO
23371814;DZ0781;24;PCT
23371814;DZ0781;38;Visc
23371814;DZ0781;29;Wat
23371814;DZ0781;25;PQ
23371814;DZ0781;15;FTIR
23372118;DZ0781;18;ICP
23372118;DZ0781;43;DEP
23372118;DZ0781;26;ISO
23372118;DZ0781;24;PCT
23372118;DZ0781;38;Visc
23372118;DZ0781;29;Wat
23372118;DZ0781;25;PQ
23372118;DZ0781;15;FTIR
23374101;DZ0781;18;ICP
23374101;DZ0781;43;DEP
23374101;DZ0781;42;F
23374101;DZ0781;38;Visc
23374101;DZ0781;29;Wat
23374101;DZ0781;25;PQ
23374101;DZ0781;15;FTIR
23360335;DZ0783;18;ICP
23360335;DZ0783;41;IC
23360335;DZ0783;17;Gly
23360335;DZ0783;23;Odr
23360335;DZ0783;30;PPT
23360335;DZ0783;32;Sol
23360335;DZ0783;37;TH
23361002;DZ0783;18;ICP
23361002;DZ0783;43;DEP
23361002;DZ0783;26;ISO
23361002;DZ0783;24;PCT
23361002;DZ0783;38;Visc
23361002;DZ0783;29;Wat
23361002;DZ0783;25;PQ
23361002;DZ0783;15;FTIR
23359420;DZ0783;18;ICP
23359420;DZ0783;43;DEP
23359420;DZ0783;26;ISO
23359420;DZ0783;24;PCT
23359420;DZ0783;38;Visc
23359420;DZ0783;29;Wat
23359420;DZ0783;25;PQ
23359420;DZ0783;15;FTIR
23359413;DZ0783;18;ICP
23359413;DZ0783;43;DEP
23359413;DZ0783;26;ISO
23359413;DZ0783;24;PCT
23359413;DZ0783;38;Visc
23359413;DZ0783;29;Wat
23359413;DZ0783;25;PQ
23359413;DZ0783;15;FTIR
23359419;DZ0783;18;ICP
23359419;DZ0783;43;DEP
23359419;DZ0783;26;ISO
23359419;DZ0783;24;PCT
23359419;DZ0783;38;Visc
23359419;DZ0783;29;Wat
23359419;DZ0783;25;PQ
23359419;DZ0783;15;FTIR
23359523;DZ0783;18;ICP
23359523;DZ0783;43;DEP
23359523;DZ0783;42;F
23359523;DZ0783;38;Visc
23359523;DZ0783;29;Wat
23359523;DZ0783;25;PQ
23359523;DZ0783;15;FTIR
23373510;DZ0980;18;ICP
23373510;DZ0980;43;DEP
23373510;DZ0980;42;F
23373510;DZ0980;38;Visc
23373510;DZ0980;29;Wat
23373510;DZ0980;25;PQ
23373510;DZ0980;15;FTIR
23359527;GR0000;18;ICP
23359527;GR0000;43;DEP
23359527;GR0000;42;F
23359527;GR0000;38;Visc
23359527;GR0000;29;Wat
23359527;GR0000;25;PQ
23359527;GR0000;15;FTIR
23384923;GR0001;18;ICP
23384923;GR0001;43;DEP
23384923;GR0001;42;F
23384923;GR0001;38;Visc
23384923;GR0001;29;Wat
23384923;GR0001;25;PQ
23384923;GR0001;15;FTIR
23372219;DZ0449;18;ICP
23372219;DZ0449;43;DEP
23372219;DZ0449;42;F
23372219;DZ0449;38;Visc
23372219;DZ0449;29;Wat
23372219;DZ0449;25;PQ
23372219;DZ0449;15;FTIR
23359321;DT0602;18;ICP
23359321;DT0602;43;DEP
23359321;DT0602;38;Visc
23359321;DT0602;29;Wat
23359321;DT0602;25;PQ
23359321;DT0602;15;FTIR
23358628;DT0602;18;ICP
23358628;DT0602;41;IC
23358628;DT0602;8;Cond
23358628;DT0602;17;Gly
23358628;DT0602;23;Odr
23358628;DT0602;28;pH
23358628;DT0602;30;PPT
23358628;DT0602;32;Sol
23358628;DT0602;37;TH
23358940;DT0602;18;ICP
23358940;DT0602;43;DEP
23358940;DT0602;26;ISO
23358940;DT0602;24;PCT
23358940;DT0602;38;Visc
23358940;DT0602;29;Wat
23358940;DT0602;25;PQ
23358940;DT0602;15;FTIR
23358902;DT0602;18;ICP
23358902;DT0602;43;DEP
23358902;DT0602;26;ISO
23358902;DT0602;24;PCT
23358902;DT0602;38;Visc
23358902;DT0602;29;Wat
23358902;DT0602;25;PQ
23358902;DT0602;15;FTIR
23359224;DT0602;18;ICP
23359224;DT0602;43;DEP
23359224;DT0602;42;F
23359224;DT0602;38;Visc
23359224;DT0602;29;Wat
23359224;DT0602;25;PQ
23359224;DT0602;15;FTIR
23358914;DT0602;18;ICP
23358914;DT0602;43;DEP
23358914;DT0602;26;ISO
23358914;DT0602;24;PCT
23358914;DT0602;38;Visc
23358914;DT0602;29;Wat
23358914;DT0602;25;PQ
23358914;DT0602;15;FTIR
23358903;DT0602;18;ICP
23358903;DT0602;43;DEP
23358903;DT0602;26;ISO
23358903;DT0602;24;PCT
23358903;DT0602;38;Visc
23358903;DT0602;29;Wat
23358903;DT0602;25;PQ
23358903;DT0602;15;FTIR
23359322;DT0602;18;ICP
23359322;DT0602;43;DEP
23359322;DT0602;26;ISO
23359322;DT0602;24;PCT
23359322;DT0602;38;Visc
23359322;DT0602;29;Wat
23359322;DT0602;25;PQ
23359322;DT0602;15;FTIR
23384921;DZ0902;18;ICP
23384921;DZ0902;43;DEP
23384921;DZ0902;42;F
23384921;DZ0902;38;Visc
23384921;DZ0902;29;Wat
23384921;DZ0902;25;PQ
23384921;DZ0902;15;FTIR
23359222;WT0749;18;ICP
23359222;WT0749;43;DEP
23359222;WT0749;42;F
23359222;WT0749;38;Visc
23359222;WT0749;29;Wat
23359222;WT0749;25;PQ
23359222;WT0749;15;FTIR
23385605;DZ0957;18;ICP
23385605;DZ0957;43;DEP
23385605;DZ0957;26;ISO
23385605;DZ0957;24;PCT
23385605;DZ0957;38;Visc
23385605;DZ0957;29;Wat
23385605;DZ0957;25;PQ
23385605;DZ0957;15;FTIR
23384521;DZ0957;18;ICP
23384521;DZ0957;43;DEP
23384521;DZ0957;26;ISO
23384521;DZ0957;24;PCT
23384521;DZ0957;38;Visc
23384521;DZ0957;29;Wat
23384521;DZ0957;25;PQ
23384521;DZ0957;15;FTIR
23385609;DZ0957;18;ICP
23385609;DZ0957;43;DEP
23385609;DZ0957;26;ISO
23385609;DZ0957;24;PCT
23385609;DZ0957;38;Visc
23385609;DZ0957;29;Wat
23385609;DZ0957;25;PQ
23385609;DZ0957;15;FTIR
23384520;DZ0957;18;ICP
23384520;DZ0957;43;DEP
23384520;DZ0957;26;ISO
23384520;DZ0957;24;PCT
23384520;DZ0957;38;Visc
23384520;DZ0957;29;Wat
23384520;DZ0957;25;PQ
23384520;DZ0957;15;FTIR
23384934;DZ0957;18;ICP
23384934;DZ0957;43;DEP
23384934;DZ0957;42;F
23384934;DZ0957;38;Visc
23384934;DZ0957;29;Wat
23384934;DZ0957;25;PQ
23384934;DZ0957;15;FTIR
23359736;EX0259;18;ICP
23359736;EX0259;43;DEP
23359736;EX0259;38;Visc
23359736;EX0259;29;Wat
23359736;EX0259;25;PQ
23359736;EX0259;15;FTIR
23359704;EX0259;18;ICP
23359704;EX0259;43;DEP
23359704;EX0259;26;ISO
23359704;EX0259;24;PCT
23359704;EX0259;38;Visc
23359704;EX0259;29;Wat
23359704;EX0259;25;PQ
23359704;EX0259;15;FTIR
23359738;EX0259;18;ICP
23359738;EX0259;43;DEP
23359738;EX0259;26;ISO
23359738;EX0259;24;PCT
23359738;EX0259;38;Visc
23359738;EX0259;29;Wat
23359738;EX0259;25;PQ
23359738;EX0259;15;FTIR
23358920;EX0259;18;ICP
23358920;EX0259;43;DEP
23358920;EX0259;26;ISO
23358920;EX0259;24;PCT
23358920;EX0259;38;Visc
23358920;EX0259;29;Wat
23358920;EX0259;25;PQ
23358920;EX0259;15;FTIR
23358921;EX0259;18;ICP
23358921;EX0259;43;DEP
23358921;EX0259;26;ISO
23358921;EX0259;24;PCT
23358921;EX0259;38;Visc
23358921;EX0259;29;Wat
23358921;EX0259;25;PQ
23358921;EX0259;15;FTIR
23359737;EX0259;18;ICP
23359737;EX0259;43;DEP
23359737;EX0259;26;ISO
23359737;EX0259;24;PCT
23359737;EX0259;38;Visc
23359737;EX0259;29;Wat
23359737;EX0259;25;PQ
23359737;EX0259;15;FTIR
23360331;EX0259;18;ICP
23360331;EX0259;41;IC
23360331;EX0259;8;Cond
23360331;EX0259;17;Gly
23360331;EX0259;23;Odr
23360331;EX0259;28;pH
23360331;EX0259;30;PPT
23360331;EX0259;32;Sol
23360331;EX0259;37;TH
23359220;EX0259;18;ICP
23359220;EX0259;43;DEP
23359220;EX0259;42;F
23359220;EX0259;38;Visc
23359220;EX0259;29;Wat
23359220;EX0259;25;PQ
23359220;EX0259;15;FTIR
23384935;EX0259;18;ICP
23384935;EX0259;43;DEP
23384935;EX0259;42;F
23384935;EX0259;38;Visc
23384935;EX0259;29;Wat
23384935;EX0259;25;PQ
23384935;EX0259;15;FTIR
23359221;EX0259;18;ICP
23359221;EX0259;43;DEP
23359221;EX0259;42;F
23359221;EX0259;38;Visc
23359221;EX0259;29;Wat
23359221;EX0259;25;PQ
23359221;EX0259;15;FTIR
23384932;EX0259;18;ICP
23384932;EX0259;43;DEP
23384932;EX0259;42;F
23384932;EX0259;38;Visc
23384932;EX0259;29;Wat
23384932;EX0259;25;PQ
23384932;EX0259;15;FTIR
23360321;EX0259;18;ICP
23360321;EX0259;41;IC
23360321;EX0259;8;Cond
23360321;EX0259;17;Gly
23360321;EX0259;23;Odr
23360321;EX0259;28;pH
23360321;EX0259;30;PPT
23360321;EX0259;32;Sol
23360321;EX0259;37;TH
23358918;EX0259;18;ICP
23358918;EX0259;43;DEP
23358918;EX0259;26;ISO
23358918;EX0259;24;PCT
23358918;EX0259;38;Visc
23358918;EX0259;29;Wat
23358918;EX0259;25;PQ
23358918;EX0259;15;FTIR
23359021;EX0259;18;ICP
23359021;EX0259;43;DEP
23359021;EX0259;26;ISO
23359021;EX0259;24;PCT
23359021;EX0259;38;Visc
23359021;EX0259;29;Wat
23359021;EX0259;25;PQ
23359021;EX0259;15;FTIR
23359020;EX0259;18;ICP
23359020;EX0259;43;DEP
23359020;EX0259;26;ISO
23359020;EX0259;24;PCT
23359020;EX0259;38;Visc
23359020;EX0259;29;Wat
23359020;EX0259;25;PQ
23359020;EX0259;15;FTIR
23359735;EX0259;18;ICP
23359735;EX0259;43;DEP
23359735;EX0259;26;ISO
23359735;EX0259;24;PCT
23359735;EX0259;38;Visc
23359735;EX0259;29;Wat
23359735;EX0259;25;PQ
23359735;EX0259;15;FTIR
23384922;DT0665;18;ICP
23384922;DT0665;43;DEP
23384922;DT0665;42;F
23384922;DT0665;38;Visc
23384922;DT0665;29;Wat
23384922;DT0665;25;PQ
23384922;DT0665;15;FTIR
23359017;DT0665;18;ICP
23359017;DT0665;43;DEP
23359017;DT0665;26;ISO
23359017;DT0665;24;PCT
23359017;DT0665;38;Visc
23359017;DT0665;29;Wat
23359017;DT0665;25;PQ
23359016;DT0666;18;ICP
23359016;DT0666;43;DEP
23359016;DT0666;26;ISO
23359016;DT0666;24;PCT
23359016;DT0666;38;Visc
23359016;DT0666;29;Wat
23359016;DT0666;25;PQ
23358919;DT0666;18;ICP
23358919;DT0666;43;DEP
23358919;DT0666;26;ISO
23358919;DT0666;24;PCT
23358919;DT0666;38;Visc
23358919;DT0666;29;Wat
23358919;DT0666;25;PQ
23363001;DT0666;18;ICP
23363001;DT0666;43;DEP
23363001;DT0666;42;F
23363001;DT0666;38;Visc
23363001;DT0666;29;Wat
23363001;DT0666;25;PQ
23363001;DT0666;15;FTIR
23359701;DT0666;18;ICP
23359701;DT0666;43;DEP
23359701;DT0666;26;ISO
23359701;DT0666;24;PCT
23359701;DT0666;38;Visc
23359701;DT0666;29;Wat
23359701;DT0666;25;PQ
23359701;DT0666;15;FTIR
23359223;DT0664;18;ICP
23359223;DT0664;43;DEP
23359223;DT0664;42;F
23359223;DT0664;38;Visc
23359223;DT0664;29;Wat
23359223;DT0664;25;PQ
23359223;DT0664;15;FTIR
23363002;DT0663;18;ICP
23363002;DT0663;43;DEP
23363002;DT0663;42;F
23363002;DT0663;38;Visc
23363002;DT0663;29;Wat
23363002;DT0663;25;PQ
23363002;DT0663;15;FTIR
23359014;DT0663;18;ICP
23359014;DT0663;43;DEP
23359014;DT0663;26;ISO
23359014;DT0663;24;PCT
23359014;DT0663;38;Visc
23359014;DT0663;29;Wat
23359014;DT0663;25;PQ
23359015;DT0663;18;ICP
23359015;DT0663;43;DEP
23359015;DT0663;26;ISO
23359015;DT0663;24;PCT
23359015;DT0663;38;Visc
23359015;DT0663;29;Wat
23359015;DT0663;25;PQ
23359702;DT0663;18;ICP
23359702;DT0663;43;DEP
23359702;DT0663;26;ISO
23359702;DT0663;24;PCT
23359702;DT0663;38;Visc
23359702;DT0663;29;Wat
23359702;DT0663;25;PQ
23359702;DT0663;15;FTIR
23359226;DT0668;18;ICP
23359226;DT0668;43;DEP
23359226;DT0668;42;F
23359226;DT0668;38;Visc
23359226;DT0668;29;Wat
23359226;DT0668;25;PQ
23359226;DT0668;15;FTIR
23359037;DT0668;18;ICP
23359037;DT0668;43;DEP
23359037;DT0668;26;ISO
23359037;DT0668;24;PCT
23359037;DT0668;38;Visc
23359037;DT0668;29;Wat
23359037;DT0668;25;PQ
23358915;DT0668;18;ICP
23358915;DT0668;43;DEP
23358915;DT0668;26;ISO
23358915;DT0668;24;PCT
23358915;DT0668;38;Visc
23358915;DT0668;29;Wat
23358915;DT0668;25;PQ
23386909;CR0646;18;ICP
23386909;CR0646;43;DEP
23386909;CR0646;42;F
23386909;CR0646;38;Visc
23386909;CR0646;29;Wat
23386909;CR0646;25;PQ
23386909;CR0646;15;FTIR
23386912;DT0397;18;ICP
23386912;DT0397;43;DEP
23386912;DT0397;42;F
23386912;DT0397;38;Visc
23386912;DT0397;29;Wat
23386912;DT0397;25;PQ
23386912;DT0397;15;FTIR
23384507;DT0397;18;ICP
23384507;DT0397;43;DEP
23384507;DT0397;26;ISO
23384507;DT0397;24;PCT
23384507;DT0397;38;Visc
23384507;DT0397;29;Wat
23384507;DT0397;25;PQ
23384507;DT0397;15;FTIR
23385611;DT0397;18;ICP
23385611;DT0397;43;DEP
23385611;DT0397;26;ISO
23385611;DT0397;24;PCT
23385611;DT0397;38;Visc
23385611;DT0397;29;Wat
23385611;DT0397;25;PQ
23385611;DT0397;15;FTIR
23384728;DT0397;18;ICP
23384728;DT0397;43;DEP
23384728;DT0397;26;ISO
23384728;DT0397;24;PCT
23384728;DT0397;38;Visc
23384728;DT0397;29;Wat
23384728;DT0397;25;PQ
23385612;DT0397;18;ICP
23385612;DT0397;43;DEP
23385612;DT0397;26;ISO
23385612;DT0397;24;PCT
23385612;DT0397;38;Visc
23385612;DT0397;29;Wat
23385612;DT0397;25;PQ
23385612;DT0397;15;FTIR
23384727;DT0397;18;ICP
23384727;DT0397;43;DEP
23384727;DT0397;26;ISO
23384727;DT0397;24;PCT
23384727;DT0397;38;Visc
23384727;DT0397;29;Wat
23384727;DT0397;25;PQ
23359219;DT0393;18;ICP
23359219;DT0393;43;DEP
23359219;DT0393;42;F
23359219;DT0393;38;Visc
23359219;DT0393;29;Wat
23359219;DT0393;25;PQ
23359219;DT0393;15;FTIR
23359703;DT0393;18;ICP
23359703;DT0393;43;DEP
23359703;DT0393;26;ISO
23359703;DT0393;24;PCT
23359703;DT0393;38;Visc
23359703;DT0393;29;Wat
23359703;DT0393;25;PQ
23359703;DT0393;15;FTIR
23359739;DT0393;18;ICP
23359739;DT0393;43;DEP
23359739;DT0393;26;ISO
23359739;DT0393;24;PCT
23359739;DT0393;38;Visc
23359739;DT0393;29;Wat
23359739;DT0393;25;PQ
23359739;DT0393;15;FTIR
23358923;DT0393;18;ICP
23358923;DT0393;43;DEP
23358923;DT0393;26;ISO
23358923;DT0393;24;PCT
23358923;DT0393;38;Visc
23358923;DT0393;29;Wat
23358923;DT0393;25;PQ
23358922;DT0393;18;ICP
23358922;DT0393;43;DEP
23358922;DT0393;26;ISO
23358922;DT0393;24;PCT
23358922;DT0393;38;Visc
23358922;DT0393;29;Wat
23358922;DT0393;25;PQ
23358922;DT0393;15;FTIR
23359740;DT0393;18;ICP
23359740;DT0393;43;DEP
23359740;DT0393;26;ISO
23359740;DT0393;24;PCT
23359740;DT0393;38;Visc
23359740;DT0393;29;Wat
23359740;DT0393;25;PQ
23384926;DT0398;18;ICP
23384926;DT0398;43;DEP
23384926;DT0398;42;F
23384926;DT0398;38;Visc
23384926;DT0398;29;Wat
23384926;DT0398;25;PQ
23384926;DT0398;15;FTIR
23384508;DT0398;18;ICP
23384508;DT0398;43;DEP
23384508;DT0398;26;ISO
23384508;DT0398;24;PCT
23384508;DT0398;38;Visc
23384508;DT0398;29;Wat
23384508;DT0398;25;PQ
23384508;DT0398;15;FTIR
23384723;DT0398;18;ICP
23384723;DT0398;43;DEP
23384723;DT0398;26;ISO
23384723;DT0398;24;PCT
23384723;DT0398;38;Visc
23384723;DT0398;29;Wat
23384723;DT0398;25;PQ
23384723;DT0398;15;FTIR
23384724;DT0398;18;ICP
23384724;DT0398;43;DEP
23384724;DT0398;26;ISO
23384724;DT0398;24;PCT
23384724;DT0398;38;Visc
23384724;DT0398;29;Wat
23384724;DT0398;25;PQ
23384724;DT0398;15;FTIR
23384725;DT0398;18;ICP
23384725;DT0398;43;DEP
23384725;DT0398;26;ISO
23384725;DT0398;24;PCT
23384725;DT0398;38;Visc
23384725;DT0398;29;Wat
23384725;DT0398;25;PQ
23384726;DT0398;18;ICP
23384726;DT0398;43;DEP
23384726;DT0398;26;ISO
23384726;DT0398;24;PCT
23384726;DT0398;38;Visc
23384726;DT0398;29;Wat
23384726;DT0398;25;PQ
23384517;DT0394;18;ICP
23384517;DT0394;43;DEP
23384517;DT0394;26;ISO
23384517;DT0394;24;PCT
23384517;DT0394;38;Visc
23384517;DT0394;29;Wat
23384517;DT0394;25;PQ
23384924;DT0396;18;ICP
23384924;DT0396;43;DEP
23384924;DT0396;42;F
23384924;DT0396;38;Visc
23384924;DT0396;29;Wat
23384924;DT0396;25;PQ
23384924;DT0396;15;FTIR
23359604;DT0396;18;ICP
23359604;DT0396;43;DEP
23359604;DT0396;26;ISO
23359604;DT0396;24;PCT
23359604;DT0396;38;Visc
23359604;DT0396;29;Wat
23359604;DT0396;25;PQ
23359604;DT0396;15;FTIR
23359638;DT0396;18;ICP
23359638;DT0396;43;DEP
23359638;DT0396;26;ISO
23359638;DT0396;24;PCT
23359638;DT0396;38;Visc
23359638;DT0396;29;Wat
23359638;DT0396;25;PQ
23359638;DT0396;15;FTIR
23359938;DT0396;18;ICP
23359938;DT0396;43;DEP
23359938;DT0396;26;ISO
23359938;DT0396;24;PCT
23359938;DT0396;38;Visc
23359938;DT0396;29;Wat
23359938;DT0396;25;PQ
23384717;DT0396;18;ICP
23384717;DT0396;43;DEP
23384717;DT0396;26;ISO
23384717;DT0396;24;PCT
23384717;DT0396;38;Visc
23384717;DT0396;29;Wat
23384717;DT0396;25;PQ
23384717;DT0396;15;FTIR
23359937;DT0396;18;ICP
23359937;DT0396;43;DEP
23359937;DT0396;26;ISO
23359937;DT0396;24;PCT
23359937;DT0396;38;Visc
23359937;DT0396;29;Wat
23359937;DT0396;25;PQ
23359225;DT0399;18;ICP
23359225;DT0399;43;DEP
23359225;DT0399;42;F
23359225;DT0399;38;Visc
23359225;DT0399;29;Wat
23359225;DT0399;25;PQ
23359225;DT0399;15;FTIR
23384928;DT0400;18;ICP
23384928;DT0400;43;DEP
23384928;DT0400;42;F
23384928;DT0400;38;Visc
23384928;DT0400;29;Wat
23384928;DT0400;25;PQ
23384928;DT0400;15;FTIR
23384506;DT0604;18;ICP
23384506;DT0604;43;DEP
23384506;DT0604;26;ISO
23384506;DT0604;24;PCT
23384506;DT0604;38;Visc
23384506;DT0604;29;Wat
23384506;DT0604;25;PQ
23384506;DT0604;15;FTIR
23360232;DT0604;18;ICP
23360232;DT0604;43;DEP
23360232;DT0604;42;F
23360232;DT0604;38;Visc
23360232;DT0604;29;Wat
23360232;DT0604;25;PQ
23360232;DT0604;15;FTIR
23384514;DT0604;18;ICP
23384514;DT0604;43;DEP
23384514;DT0604;26;ISO
23384514;DT0604;24;PCT
23384514;DT0604;38;Visc
23384514;DT0604;29;Wat
23384514;DT0604;25;PQ
23384514;DT0604;15;FTIR
23384502;DZ0978;18;ICP
23384502;DZ0978;43;DEP
23384502;DZ0978;26;ISO
23384502;DZ0978;24;PCT
23384502;DZ0978;38;Visc
23384502;DZ0978;29;Wat
23384502;DZ0978;25;PQ
23384502;DZ0978;15;FTIR
23384519;DZ0978;18;ICP
23384519;DZ0978;43;DEP
23384519;DZ0978;26;ISO
23384519;DZ0978;24;PCT
23384519;DZ0978;38;Visc
23384519;DZ0978;29;Wat
23384519;DZ0978;25;PQ
23384519;DZ0978;15;FTIR
23384515;DZ0978;18;ICP
23384515;DZ0978;43;DEP
23384515;DZ0978;26;ISO
23384515;DZ0978;24;PCT
23384515;DZ0978;38;Visc
23384515;DZ0978;29;Wat
23384515;DZ0978;25;PQ
23384515;DZ0978;15;FTIR
23384518;DZ0978;18;ICP
23384518;DZ0978;43;DEP
23384518;DZ0978;26;ISO
23384518;DZ0978;24;PCT
23384518;DZ0978;38;Visc
23384518;DZ0978;29;Wat
23384518;DZ0978;25;PQ
23384518;DZ0978;15;FTIR
23384929;DZ0978;18;ICP
23384929;DZ0978;43;DEP
23384929;DZ0978;42;F
23384929;DZ0978;38;Visc
23384929;DZ0978;29;Wat
23384929;DZ0978;25;PQ
23384929;DZ0978;15;FTIR
23384927;DZ0003;18;ICP
23384927;DZ0003;43;DEP
23384927;DZ0003;42;F
23384927;DZ0003;38;Visc
23384927;DZ0003;29;Wat
23384927;DZ0003;25;PQ
23384927;DZ0003;15;FTIR
23360136;ST0344;18;ICP
23360136;ST0344;43;DEP
23360136;ST0344;26;ISO
23360136;ST0344;24;PCT
23360136;ST0344;38;Visc
23360136;ST0344;29;Wat
23360136;ST0344;25;PQ
23360136;ST0344;15;FTIR
23360138;ST0344;18;ICP
23360138;ST0344;43;DEP
23360138;ST0344;26;ISO
23360138;ST0344;24;PCT
23360138;ST0344;38;Visc
23360138;ST0344;29;Wat
23360138;ST0344;25;PQ
23360138;ST0344;15;FTIR
23358704;ST0344;18;ICP
23358704;ST0344;43;DEP
23358704;ST0344;26;ISO
23358704;ST0344;24;PCT
23358704;ST0344;38;Visc
23358704;ST0344;29;Wat
23358704;ST0344;25;PQ
23358704;ST0344;15;FTIR
23358713;ST0344;18;ICP
23358713;ST0344;43;DEP
23358713;ST0344;26;ISO
23358713;ST0344;24;PCT
23358713;ST0344;38;Visc
23358713;ST0344;29;Wat
23358713;ST0344;25;PQ
23358713;ST0344;15;FTIR
23360107;ST0344;18;ICP
23360107;ST0344;43;DEP
23360107;ST0344;26;ISO
23360107;ST0344;24;PCT
23360107;ST0344;38;Visc
23360107;ST0344;29;Wat
23360107;ST0344;25;PQ
23360107;ST0344;15;FTIR
23360137;ST0344;18;ICP
23360137;ST0344;43;DEP
23360137;ST0344;26;ISO
23360137;ST0344;24;PCT
23360137;ST0344;38;Visc
23360137;ST0344;29;Wat
23360137;ST0344;25;PQ
23360137;ST0344;15;FTIR
23362439;ST0344;18;ICP
23362439;ST0344;41;IC
23362439;ST0344;8;Cond
23362439;ST0344;17;Gly
23362439;ST0344;23;Odr
23362439;ST0344;28;pH
23362439;ST0344;30;PPT
23362439;ST0344;32;Sol
23362439;ST0344;37;TH
23360024;ST0344;18;ICP
23360024;ST0344;43;DEP
23360024;ST0344;42;F
23360024;ST0344;38;Visc
23360024;ST0344;29;Wat
23360024;ST0344;25;PQ
23360024;ST0344;15;FTIR
23358723;ST0345;18;ICP
23358723;ST0345;43;DEP
23358723;ST0345;26;ISO
23358723;ST0345;24;PCT
23358723;ST0345;38;Visc
23358723;ST0345;29;Wat
23358723;ST0345;25;PQ
23358723;ST0345;15;FTIR
23360134;ST0345;18;ICP
23360134;ST0345;43;DEP
23360134;ST0345;26;ISO
23360134;ST0345;24;PCT
23360134;ST0345;38;Visc
23360134;ST0345;29;Wat
23360134;ST0345;25;PQ
23360134;ST0345;15;FTIR
23360104;ST0345;18;ICP
23360104;ST0345;43;DEP
23360104;ST0345;26;ISO
23360104;ST0345;24;PCT
23360104;ST0345;38;Visc
23360104;ST0345;29;Wat
23360104;ST0345;25;PQ
23360104;ST0345;15;FTIR
23359612;ST0345;18;ICP
23359612;ST0345;43;DEP
23359612;ST0345;26;ISO
23359612;ST0345;24;PCT
23359612;ST0345;38;Visc
23359612;ST0345;29;Wat
23359612;ST0345;25;PQ
23359612;ST0345;15;FTIR
23359611;ST0345;18;ICP
23359611;ST0345;43;DEP
23359611;ST0345;26;ISO
23359611;ST0345;24;PCT
23359611;ST0345;38;Visc
23359611;ST0345;29;Wat
23359611;ST0345;25;PQ
23359611;ST0345;15;FTIR
23358724;ST0345;18;ICP
23358724;ST0345;43;DEP
23358724;ST0345;26;ISO
23358724;ST0345;24;PCT
23358724;ST0345;38;Visc
23358724;ST0345;29;Wat
23358724;ST0345;25;PQ
23358724;ST0345;15;FTIR
23362440;ST0345;18;ICP
23362440;ST0345;41;IC
23362440;ST0345;8;Cond
23362440;ST0345;17;Gly
23362440;ST0345;23;Odr
23362440;ST0345;28;pH
23362440;ST0345;30;PPT
23362440;ST0345;32;Sol
23362440;ST0345;37;TH
23360010;ST0345;18;ICP
23360010;ST0345;43;DEP
23360010;ST0345;42;F
23360010;ST0345;38;Visc
23360010;ST0345;29;Wat
23360010;ST0345;25;PQ
23360010;ST0345;15;FTIR
23359510;DT0730;18;ICP
23359510;DT0730;43;DEP
23359510;DT0730;42;F
23359510;DT0730;38;Visc
23359510;DT0730;29;Wat
23359510;DT0730;25;PQ
23359510;DT0730;15;FTIR
23359503;DT0356;18;ICP
23359503;DT0356;43;DEP
23359503;DT0356;42;F
23359503;DT0356;38;Visc
23359503;DT0356;29;Wat
23359503;DT0356;25;PQ
23359503;DT0356;15;FTIR
23359508;DT0363;18;ICP
23359508;DT0363;43;DEP
23359508;DT0363;42;F
23359508;DT0363;38;Visc
23359508;DT0363;29;Wat
23359508;DT0363;25;PQ
23359508;DT0363;15;FTIR
23380205;WL150;18;ICP
23380205;WL150;43;DEP
23380205;WL150;42;F
23380205;WL150;38;Visc
23380205;WL150;29;Wat
23380205;WL150;25;PQ
23380205;WL150;15;FTIR
23361036;DT047;18;ICP
23361036;DT047;43;DEP
23361036;DT047;26;ISO
23361036;DT047;24;PCT
23361036;DT047;38;Visc
23361036;DT047;29;Wat
23361036;DT047;25;PQ
23361036;DT047;15;FTIR
23360305;DT047;18;ICP
23360305;DT047;41;IC
23360305;DT047;8;Cond
23360305;DT047;17;Gly
23360305;DT047;23;Odr
23360305;DT047;28;pH
23360305;DT047;30;PPT
23360305;DT047;32;Sol
23360305;DT047;37;TH
23361038;DT047;18;ICP
23361038;DT047;43;DEP
23361038;DT047;26;ISO
23361038;DT047;24;PCT
23361038;DT047;38;Visc
23361038;DT047;29;Wat
23361038;DT047;25;PQ
23361038;DT047;15;FTIR
23361003;DT047;18;ICP
23361003;DT047;43;DEP
23361003;DT047;26;ISO
23361003;DT047;24;PCT
23361003;DT047;38;Visc
23361003;DT047;29;Wat
23361003;DT047;25;PQ
23361003;DT047;15;FTIR
23359405;DT047;18;ICP
23359405;DT047;43;DEP
23359405;DT047;26;ISO
23359405;DT047;24;PCT
23359405;DT047;38;Visc
23359405;DT047;29;Wat
23359405;DT047;25;PQ
23359405;DT047;15;FTIR
23361037;DT047;18;ICP
23361037;DT047;43;DEP
23361037;DT047;26;ISO
23361037;DT047;24;PCT
23361037;DT047;38;Visc
23361037;DT047;29;Wat
23361037;DT047;25;PQ
23361037;DT047;15;FTIR
23361040;DT047;18;ICP
23361040;DT047;43;DEP
23361040;DT047;26;ISO
23361040;DT047;24;PCT
23361040;DT047;38;Visc
23361040;DT047;29;Wat
23361040;DT047;25;PQ
23361040;DT047;15;FTIR
23359416;DT047;18;ICP
23359416;DT047;43;DEP
23359416;DT047;26;ISO
23359416;DT047;24;PCT
23359416;DT047;38;Visc
23359416;DT047;29;Wat
23359416;DT047;25;PQ
23359416;DT047;15;FTIR
23361039;DT047;18;ICP
23361039;DT047;43;DEP
23361039;DT047;26;ISO
23361039;DT047;24;PCT
23361039;DT047;38;Visc
23361039;DT047;29;Wat
23361039;DT047;25;PQ
23361039;DT047;15;FTIR
23359512;DT047;18;ICP
23359512;DT047;43;DEP
23359512;DT047;42;F
23359512;DT047;38;Visc
23359512;DT047;29;Wat
23359512;DT047;25;PQ
23359512;DT047;15;FTIR
23366126;RD4930/DT139;18;ICP
23366126;RD4930/DT139;43;DEP
23366126;RD4930/DT139;26;ISO
23366126;RD4930/DT139;24;PCT
23366126;RD4930/DT139;38;Visc
23366126;RD4930/DT139;29;Wat
23366126;RD4930/DT139;25;PQ
23366126;RD4930/DT139;15;FTIR
23366910;RD4930/DT139;18;ICP
23366910;RD4930/DT139;41;IC
23366910;RD4930/DT139;8;Cond
23366910;RD4930/DT139;17;Gly
23366910;RD4930/DT139;23;Odr
23366910;RD4930/DT139;28;pH
23366910;RD4930/DT139;30;PPT
23366910;RD4930/DT139;32;Sol
23366910;RD4930/DT139;37;TH
23366128;RD4930/DT139;18;ICP
23366128;RD4930/DT139;43;DEP
23366128;RD4930/DT139;26;ISO
23366128;RD4930/DT139;24;PCT
23366128;RD4930/DT139;38;Visc
23366128;RD4930/DT139;29;Wat
23366128;RD4930/DT139;25;PQ
23366128;RD4930/DT139;15;FTIR
23366113;RD4930/DT139;18;ICP
23366113;RD4930/DT139;43;DEP
23366113;RD4930/DT139;26;ISO
23366113;RD4930/DT139;24;PCT
23366113;RD4930/DT139;38;Visc
23366113;RD4930/DT139;29;Wat
23366113;RD4930/DT139;25;PQ
23366113;RD4930/DT139;15;FTIR
23366112;RD4930/DT139;18;ICP
23366112;RD4930/DT139;43;DEP
23366112;RD4930/DT139;26;ISO
23366112;RD4930/DT139;24;PCT
23366112;RD4930/DT139;38;Visc
23366112;RD4930/DT139;29;Wat
23366112;RD4930/DT139;25;PQ
23366112;RD4930/DT139;15;FTIR
23366127;RD4930/DT139;18;ICP
23366127;RD4930/DT139;43;DEP
23366127;RD4930/DT139;26;ISO
23366127;RD4930/DT139;24;PCT
23366127;RD4930/DT139;38;Visc
23366127;RD4930/DT139;29;Wat
23366127;RD4930/DT139;25;PQ
23366127;RD4930/DT139;15;FTIR
23366130;RD4930/DT139;18;ICP
23366130;RD4930/DT139;43;DEP
23366130;RD4930/DT139;26;ISO
23366130;RD4930/DT139;24;PCT
23366130;RD4930/DT139;38;Visc
23366130;RD4930/DT139;29;Wat
23366130;RD4930/DT139;25;PQ
23366130;RD4930/DT139;15;FTIR
23366314;RD4930/DT139;18;ICP
23366314;RD4930/DT139;43;DEP
23366314;RD4930/DT139;26;ISO
23366314;RD4930/DT139;24;PCT
23366314;RD4930/DT139;38;Visc
23366314;RD4930/DT139;29;Wat
23366314;RD4930/DT139;25;PQ
23366314;RD4930/DT139;15;FTIR
23366129;RD4930/DT139;18;ICP
23366129;RD4930/DT139;43;DEP
23366129;RD4930/DT139;26;ISO
23366129;RD4930/DT139;24;PCT
23366129;RD4930/DT139;38;Visc
23366129;RD4930/DT139;29;Wat
23366129;RD4930/DT139;25;PQ
23366129;RD4930/DT139;15;FTIR
23365911;RD4930/DT139;18;ICP
23365911;RD4930/DT139;43;DEP
23365911;RD4930/DT139;42;F
23365911;RD4930/DT139;38;Visc
23365911;RD4930/DT139;29;Wat
23365911;RD4930/DT139;25;PQ
23365911;RD4930/DT139;15;FTIR
